sst,lat_of_mackerel,lat_of_menhaden,time
6.3991219237627925,50.0,53.0,2018.0
6.401739850280882,50.003561804786514,53.003561804786514,2018.08347245409
6.405160856624038,50.008216235185365,53.008216235185365,2018.1669449081803
6.409056587457121,50.01351654924399,53.01351654924399,2018.2504173622704
6.413138987430251,50.01907083492171,53.01907083492171,2018.3338898163606
6.41719637191446,50.02459108592063,53.02459108592063,2018.4173622704507
6.42110213023021,50.029905042812814,53.029905042812814,2018.500834724541
6.424804929326408,50.034942864712406,53.034942864712406,2018.584307178631
6.428309211082096,50.03971059499225,53.03971059499225,2018.6677796327212
6.431653160546417,50.04426018610017,53.04426018610017,2018.7512520868113
6.434889040763745,50.04866274421899,53.04866274421899,2018.8347245409016
6.438068503158634,50.0529885433957,53.0529885433957,2018.9181969949916
6.441233600847357,50.05729479875451,53.05729479875451,2019.0016694490819
6.444412937312455,50.06162042659818,53.06162042659818,2019.085141903172
6.447621682359358,50.06598606611777,53.06598606611777,2019.1686143572622
6.450863979859222,50.07039735523324,53.07039735523324,2019.2520868113522
6.454136406720716,50.07484963667745,53.07484963667745,2019.3355592654425
6.457431465372545,50.07933270967313,53.07933270967313,2019.4190317195325
6.460740473600521,50.08383476168399,53.08383476168399,2019.5025041736228
6.464055565399102,50.08834509066165,53.08834509066165,2019.5859766277129
6.467370784215296,50.09285559245239,53.09285559245239,2019.669449081803
6.470682419058742,50.09736121808973,53.09736121808973,2019.7529215358932
6.4739888117974775,50.101859711611816,53.101859711611816,2019.8363939899832
6.477289871407065,50.10635094917588,53.10635094917588,2019.9198664440735
6.480586493468988,50.11083614926013,53.11083614926013,2020.0033388981635
6.483880024616492,50.11531714401864,53.11531714401864,2020.0868113522538
6.487171850406499,50.119795818562864,53.119795818562864,2020.1702838063438
6.490463133180741,50.12427375431014,53.12427375431014,2020.253756260434
6.49375468959157,50.12875206235208,53.12875206235208,2020.3372287145241
6.4970469764698064,50.13323136422723,53.13323136422723,2020.4207011686144
6.500340146300902,50.13771186739879,53.13771186739879,2020.5041736227045
6.503634135900501,50.14219348590164,53.14219348590164,2020.5876460767947
6.506928759818946,50.146675967423334,53.146675967423334,2020.6711185308848
6.510223790001559,50.1511590016854,53.1511590016854,2020.754590984975
6.513519012719425,50.15564229790018,53.15564229790018,2020.838063439065
6.516814261264019,50.16012562925337,53.16012562925337,2020.9215358931554
6.520109427798871,50.16460884902868,53.16460884902868,2021.0050083472454
6.523404460189704,50.16909188629512,53.16909188629512,2021.0884808013357
6.526699350099016,50.173574729709145,53.173574729709145,2021.1719532554257
6.529994117796628,50.17805740684876,53.17805740684876,2021.2554257095157
6.533288797648026,50.182539964469704,53.182539964469704,2021.338898163606
6.536583426612667,50.18702245285697,53.18702245285697,2021.422370617696
6.539878036659076,50.19150491550515,53.19150491550515,2021.5058430717863
6.543172650959109,50.19598738394057,53.19598738394057,2021.5893155258764
6.546467283101602,50.20046987665144,53.20046987665144,2021.6727879799666
6.549761938315998,50.20495240075266,53.20495240075266,2021.7562604340567
6.553056615722132,50.20943495504672,53.20943495504672,2021.839732888147
6.55635131081386,50.213917533402814,53.213917533402814,2021.923205342237
6.559646017644149,50.21840012772974,53.21840012772974,2022.0066777963273
6.562940730435282,50.22288273016665,53.22288273016665,2022.0901502504173
6.566235444545692,50.2273653343985,53.2273653343985,2022.1736227045076
6.569530156865815,50.23184793619459,53.23184793619459,2022.2570951585976
6.57282486578976,50.23633053337002,53.23633053337002,2022.340567612688
6.576119570929357,50.240813125396684,53.240813125396684,2022.424040066778
6.579414272719745,50.2452957128666,53.2452957128666,2022.5075125208682
6.5827089720281835,50.24977829695972,53.24977829695972,2022.5909849749582
6.586003669834701,50.2542608790094,53.2542608790094,2022.6744574290485
6.589298367014224,50.25874346020603,53.25874346020603,2022.7579298831386
6.592593064220424,50.263226041438955,53.263226041438955,2022.8414023372288
6.595887761853295,50.26770862325239,53.26770862325239,2022.9248747913189
6.599182460084359,50.27219120587968,53.27219120587968,2023.008347245409
6.602477158913043,50.27667378932007,53.27667378932007,2023.0918196994992
6.605771858232322,50.28115637342793,53.28115637342793,2023.1752921535892
6.609066557888356,50.28563895799397,53.28563895799397,2023.2587646076795
6.612361257725777,50.29012154280678,53.29012154280678,2023.3422370617695
6.615655957616003,50.29460412769144,53.29460412769144,2023.4257095158598
6.61895065746999,50.2990867125268,53.2990867125268,2023.5091819699499
6.6222453572390725,50.30356929724664,53.30356929724664,2023.5926544240401
6.625540056908269,50.30805188183058,53.30805188183058,2023.6761268781302
6.628834756486133,50.31253446629026,53.31253446629026,2023.7595993322204
6.6321294559942645,50.31701705065507,53.31701705065507,2023.8430717863105
6.635424155458484,50.32149963496013,53.32149963496013,2023.9265442404007
6.638718854902618,50.32598221923786,53.32598221923786,2024.0100166944908
6.642013554345006,50.330464803513216,53.330464803513216,2024.093489148581
6.645308253797315,50.334947387802075,53.334947387802075,2024.176961602671
6.648602953264997,50.339429972111844,53.339429972111844,2024.2604340567614
6.651897652748686,50.34391255644339,53.34391255644339,2024.3439065108514
6.655192352245916,50.348395140793365,53.348395140793365,2024.4273789649417
6.658487051752744,50.3528777251564,53.3528777251564,2024.5108514190317
6.661781751265015,50.35736030952683,53.35736030952683,2024.5943238731218
6.665076450779184,50.361842893899855,53.361842893899855,2024.677796327212
6.668371150292717,50.366325478272,53.366325478272,2024.761268781302
6.67166584980416,50.370808062641316,53.370808062641316,2024.8447412353923
6.674960549312985,50.37529064700706,53.37529064700706,2024.9282136894824
6.678255248819331,50.37977323136944,53.37977323136944,2025.0116861435727
6.681549948323729,50.38425581572916,53.38425581572916,2025.0951585976627
6.684844647826854,50.38873840008716,53.38873840008716,2025.178631051753
6.688139347329351,50.3932209844443,53.3932209844443,2025.262103505843
6.691434046831732,50.397703568801276,53.397703568801276,2025.3455759599333
6.694728746334335,50.40218615315856,53.40218615315856,2025.4290484140233
6.698023445837329,50.40666873751638,53.40666873751638,2025.5125208681136
6.701318145340749,50.41115132187477,53.41115132187477,2025.5959933222036
6.704612844844541,50.41563390623367,53.41563390623367,2025.679465776294
6.707907544348605,50.420116490592946,53.420116490592946,2025.762938230384
6.7112022438528305,50.42459907495243,53.42459907495243,2025.8464106844742
6.71449694335712,50.42908165931201,53.42908165931201,2025.9298831385643
6.717791642861402,50.433564243671576,53.433564243671576,2026.0133555926545
6.721086342365634,50.43804682803108,53.43804682803108,2026.0968280467446
6.724381041869798,50.442529412390485,53.442529412390485,2026.1803005008346
6.727675741373894,50.4470119967498,53.4470119967498,2026.263772954925
6.730970440877937,50.45149458110904,53.45149458110904,2026.347245409015
6.734265140381943,50.455977165468234,53.455977165468234,2026.4307178631052
6.73755983988593,50.4604597498274,53.4604597498274,2026.5141903171952
6.740854539389911,50.46494233418656,53.46494233418656,2026.5976627712855
6.744149238893897,50.46942491854572,53.46942491854572,2026.6811352253756
6.747443938397893,50.4739075029049,53.4739075029049,2026.7646076794658
6.750738637901901,50.478390087264096,53.478390087264096,2026.8480801335559
6.754033337405918,50.4828726716233,53.4828726716233,2026.9315525876461
6.757328036909944,50.48735525598252,53.48735525598252,2027.0150250417362
6.760622736413973,50.491837840341745,53.491837840341745,2027.0984974958265
6.763917435918005,50.49632042470097,53.49632042470097,2027.1819699499165
6.767212135422037,50.5008030090602,53.5008030090602,2027.2654424040068
6.770506834926068,50.50528559341942,53.50528559341942,2027.3489148580968
6.773801534430097,50.509768177778646,53.509768177778646,2027.432387312187
6.777096233934125,50.51425076213786,53.51425076213786,2027.5158597662771
6.7803909334381505,50.518733346497086,53.518733346497086,2027.5993322203674
6.783685632942175,50.5232159308563,53.5232159308563,2027.6828046744574
6.786980332446199,50.52769851521552,53.52769851521552,2027.7662771285475
6.790275031950223,50.532181099574736,53.532181099574736,2027.8497495826377
6.793569731454247,50.53666368393395,53.53666368393395,2027.9332220367278
6.796864430958271,50.54114626829317,53.54114626829317,2028.016694490818
6.800159130462295,50.545628852652385,53.545628852652385,2028.100166944908
6.80345382996632,50.5501114370116,53.5501114370116,2028.1836393989984
6.806748529470345,50.55459402137082,53.55459402137082,2028.2671118530884
6.8100432289743695,50.559076605730034,53.559076605730034,2028.3505843071787
6.813337928478394,50.56355919008925,53.56355919008925,2028.4340567612687
6.81663262798242,50.568041774448474,53.568041774448474,2028.517529215359
6.819927327486446,50.57252435880769,53.57252435880769,2028.601001669449
6.8232220269904715,50.57700694316691,53.57700694316691,2028.6844741235393
6.826516726494496,50.58148952752613,53.58148952752613,2028.7679465776293
6.829811425998521,50.58597211188535,53.58597211188535,2028.8514190317196
6.833106125502546,50.590454696244564,53.590454696244564,2028.9348914858097
6.836400825006571,50.59493728060378,53.59493728060378,2029.0183639399
6.839695524510596,50.599419864963,53.599419864963,2029.10183639399
6.8429902240146205,50.60390244932221,53.60390244932221,2029.1853088480802
6.846284923518645,50.60838503368143,53.60838503368143,2029.2687813021703
6.84957962302267,50.61286761804065,53.61286761804065,2029.3522537562603
6.852874322526695,50.61735020239987,53.61735020239987,2029.4357262103506
6.85616902203072,50.621832786759086,53.621832786759086,2029.5191986644406
6.859463721534745,50.6263153711183,53.6263153711183,2029.602671118531
6.8627584210387695,50.63079795547752,53.63079795547752,2029.686143572621
6.866053120542794,50.635280539836735,53.635280539836735,2029.7696160267112
6.869347820046819,50.63976312419595,53.63976312419595,2029.8530884808013
6.872642519550844,50.644245708555175,53.644245708555175,2029.9365609348915
6.875937219054869,50.64872829291439,53.64872829291439,2030.0200333889816
6.879231918558894,50.65321087727361,53.65321087727361,2030.1035058430718
6.8825266180629185,50.657693461632824,53.657693461632824,2030.1869782971619
6.885821317566943,50.66217604599204,53.66217604599204,2030.2704507512522
6.889116017070968,50.66665863035126,53.66665863035126,2030.3539232053422
6.892410716574993,50.671141214710474,53.671141214710474,2030.4373956594325
6.895705416079018,50.6756237990697,53.6756237990697,2030.5208681135225
6.899000115583043,50.680106383428914,53.680106383428914,2030.6043405676128
6.9022948150870675,50.68458896778813,53.68458896778813,2030.6878130217028
6.905589514591092,50.68907155214735,53.68907155214735,2030.771285475793
6.908884214095117,50.69355413650656,53.69355413650656,2030.8547579298831
6.912178913599142,50.69803672086578,53.69803672086578,2030.9382303839732
6.915473613103167,50.702519305224996,53.702519305224996,2031.0217028380634
6.918768312607192,50.70700188958422,53.70700188958422,2031.1051752921535
6.9220630121112166,50.711484473943436,53.711484473943436,2031.1886477462438
6.925357711615241,50.71596705830265,53.71596705830265,2031.2721202003338
6.928652411119266,50.72044964266187,53.72044964266187,2031.355592654424
6.931947110623291,50.724932227021085,53.724932227021085,2031.4390651085141
6.935241810127316,50.7294148113803,53.7294148113803,2031.5225375626044
6.938536509631341,50.73389739573952,53.73389739573952,2031.6060100166944
6.9418312091353656,50.73837998009874,53.73837998009874,2031.6894824707847
6.94512590863939,50.74286256445796,53.74286256445796,2031.7729549248747
6.948420608143415,50.747345148817175,53.747345148817175,2031.856427378965
6.95171530764744,50.75182773317639,53.75182773317639,2031.939899833055
6.955010007151465,50.75631031753561,53.75631031753561,2032.0233722871453
6.95830470665549,50.760792901894824,53.760792901894824,2032.1068447412354
6.961599406159515,50.76527548625404,53.76527548625404,2032.1903171953256
6.964894105663539,50.769758070613264,53.769758070613264,2032.2737896494157
6.968188805167564,50.77424065497248,53.77424065497248,2032.357262103506
6.971483504671589,50.7787232393317,53.7787232393317,2032.440734557596
6.974778204175614,50.78320582369091,53.78320582369091,2032.524207011686
6.978072903679639,50.78768840805013,53.78768840805013,2032.6076794657763
6.981367603183664,50.792170992409346,53.792170992409346,2032.6911519198663
6.984662302687688,50.79665357676856,53.79665357676856,2032.7746243739566
6.987957002191713,50.801136161127786,53.801136161127786,2032.8580968280467
6.991251701695738,50.805618745487,53.805618745487,2032.941569282137
6.994546401199763,50.81010132984622,53.81010132984622,2033.025041736227
6.997841100703788,50.814583914205436,53.814583914205436,2033.1085141903172
7.001135800207813,50.81906649856465,53.81906649856465,2033.1919866444073
7.004430499711837,50.82354908292387,53.82354908292387,2033.2754590984975
7.007725199215862,50.828031667283085,53.828031667283085,2033.3589315525876
7.011019898719887,50.83251425164231,53.83251425164231,2033.4424040066779
7.014314598223912,50.836996836001525,53.836996836001525,2033.525876460768
7.017609297727937,50.84147942036074,53.84147942036074,2033.6093489148582
7.020903997231962,50.84596200471996,53.84596200471996,2033.6928213689482
7.024198696735986,50.850444589079174,53.850444589079174,2033.7762938230385
7.027493396240011,50.85492717343839,53.85492717343839,2033.8597662771285
7.030788095744036,50.85940975779761,53.85940975779761,2033.9432387312188
7.034082795248061,50.86389234215683,53.86389234215683,2034.0267111853088
7.037377494752086,50.86837492651605,53.86837492651605,2034.110183639399
7.040672194256111,50.872857510875264,53.872857510875264,2034.1936560934892
7.043966893760135,50.87734009523448,53.87734009523448,2034.2771285475792
7.04726159326416,50.8818226795937,53.8818226795937,2034.3606010016695
7.050556292768185,50.88630526395291,53.88630526395291,2034.4440734557595
7.05385099227221,50.89078784831213,53.89078784831213,2034.5275459098498
7.057145691776235,50.89527043267135,53.89527043267135,2034.6110183639398
7.06044039128026,50.89975301703057,53.89975301703057,2034.69449081803
7.063735090784284,50.904235601389786,53.904235601389786,2034.7779632721201
7.067029790288309,50.908718185749,53.908718185749,2034.8614357262104
7.070324489792334,50.91320077010822,53.91320077010822,2034.9449081803004
7.073619189296359,50.917683354467435,53.917683354467435,2035.0283806343907
7.076913888800384,50.92216593882665,53.92216593882665,2035.1118530884808
7.080208588304409,50.926648523185875,53.926648523185875,2035.195325542571
7.083503287808433,50.93113110754509,53.93113110754509,2035.278797996661
7.086797987312458,50.93561369190431,53.93561369190431,2035.3622704507513
7.090092686816483,50.940096276263525,53.940096276263525,2035.4457429048414
7.093387386320508,50.94457886062274,53.94457886062274,2035.5292153589317
7.096682085824533,50.94906144498196,53.94906144498196,2035.6126878130217
7.099976785328558,50.953544029341174,53.953544029341174,2035.696160267112
7.103271484832582,50.9580266137004,53.9580266137004,2035.779632721202
7.106566184336607,50.962509198059614,53.962509198059614,2035.863105175292
7.109860883840632,50.96699178241883,53.96699178241883,2035.9465776293823
7.113155583344657,50.97147436677805,53.97147436677805,2036.0300500834724
7.116450282848682,50.97595695113726,53.97595695113726,2036.1135225375626
7.119744982352707,50.98043953549648,53.98043953549648,2036.1969949916527
7.123039681856731,50.984922119855696,53.984922119855696,2036.280467445743
7.126334381360756,50.98940470421492,53.98940470421492,2036.363939899833
7.129629080864781,50.993887288574136,53.993887288574136,2036.4474123539233
7.132923780368806,50.99836987293335,53.99836987293335,2036.5308848080133
7.136218479872831,51.00285245729257,54.00285245729257,2036.6143572621036
7.139513179376856,51.007335041651785,54.007335041651785,2036.6978297161936
7.14280787888088,51.011817626011,54.011817626011,2036.7813021702839
7.146102578384905,51.01630021037022,54.01630021037022,2036.864774624374
7.14939727788893,51.02078279472944,54.02078279472944,2036.9482470784642
7.152691977392955,51.02526537908866,54.02526537908866,2037.0317195325542
7.15598667689698,51.029747963447875,54.029747963447875,2037.1151919866445
7.159281376401005,51.03423054780709,54.03423054780709,2037.1986644407345
7.162576075905029,51.03871313216631,54.03871313216631,2037.2821368948248
7.165870775409054,51.043195716525524,54.043195716525524,2037.3656093489149
7.169165474913079,51.04767830088474,54.04767830088474,2037.449081803005
7.172460174417104,51.052160885243964,54.052160885243964,2037.5325542570952
7.175754873921129,51.05664346960318,54.05664346960318,2037.6160267111852
7.179049573425154,51.0611260539624,54.0611260539624,2037.6994991652755
7.182344272929178,51.06560863832161,54.06560863832161,2037.7829716193655
7.185638972433203,51.07009122268083,54.07009122268083,2037.8664440734558
7.188933671937228,51.074573807040046,54.074573807040046,2037.9499165275458
7.192228371441253,51.07905639139926,54.07905639139926,2038.033388981636
7.195523070945278,51.083538975758486,54.083538975758486,2038.1168614357262
7.198817770449303,51.0880215601177,54.0880215601177,2038.2003338898164
7.202112469953327,51.09250414447692,54.09250414447692,2038.2838063439065
7.205407169457352,51.096986728836136,54.096986728836136,2038.3672787979967
7.208701868961377,51.10146931319535,54.10146931319535,2038.4507512520868
7.211996568465402,51.10595189755457,54.10595189755457,2038.534223706177
7.215291267969427,51.110434481913785,54.110434481913785,2038.617696160267
7.218585967473452,51.11491706627301,54.11491706627301,2038.7011686143574
7.221880666977476,51.119399650632225,54.119399650632225,2038.7846410684474
7.225175366481501,51.12388223499144,54.12388223499144,2038.8681135225377
7.228470065985526,51.12836481935066,54.12836481935066,2038.9515859766277
7.231764765489551,51.132847403709874,54.132847403709874,2039.0350584307178
7.235059464993576,51.13732998806909,54.13732998806909,2039.118530884808
7.238354164497601,51.14181257242831,54.14181257242831,2039.202003338898
7.241648864001625,51.14629515678753,54.14629515678753,2039.2854757929883
7.24494356350565,51.15077774114675,54.15077774114675,2039.3689482470784
7.248238263009675,51.155260325505964,54.155260325505964,2039.4524207011686
7.2515329625137,51.15974290986518,54.15974290986518,2039.5358931552587
7.254827662017725,51.1642254942244,54.1642254942244,2039.619365609349
7.25812236152175,51.16870807858361,54.16870807858361,2039.702838063439
7.2614170610257744,51.17319066294283,54.17319066294283,2039.7863105175293
7.264711760529799,51.17767324730205,54.17767324730205,2039.8697829716193
7.268006460033824,51.18215583166127,54.18215583166127,2039.9532554257096
7.271301159537849,51.186638416020486,54.186638416020486,2040.0367278797996
7.274595859041874,51.1911210003797,54.1911210003797,2040.12020033389
7.277890558545899,51.19560358473892,54.19560358473892,2040.20367278798
7.2811852580499234,51.200086169098135,54.200086169098135,2040.2871452420702
7.284479957553948,51.20456875345735,54.20456875345735,2040.3706176961603
7.287774657057973,51.209051337816575,54.209051337816575,2040.4540901502505
7.291069356561998,51.21353392217579,54.21353392217579,2040.5375626043406
7.294364056066023,51.21801650653501,54.21801650653501,2040.6210350584306
7.297658755570048,51.222499090894225,54.222499090894225,2040.7045075125209
7.3009534550740725,51.22698167525344,54.22698167525344,2040.787979966611
7.304248154578097,51.23146425961266,54.23146425961266,2040.8714524207012
7.307542854082122,51.235946843971874,54.235946843971874,2040.9549248747912
7.310837553586147,51.2404294283311,54.2404294283311,2041.0383973288815
7.314132253090172,51.244912012690314,54.244912012690314,2041.1218697829715
7.317426952594197,51.24939459704953,54.24939459704953,2041.2053422370618
7.3207216520982215,51.25387718140875,54.25387718140875,2041.2888146911519
7.324016351602246,51.25835976576796,54.25835976576796,2041.3722871452421
7.327311051106271,51.26284235012718,54.26284235012718,2041.4557595993322
7.330605750610296,51.267324934486396,54.267324934486396,2041.5392320534224
7.333900450114321,51.27180751884562,54.27180751884562,2041.6227045075125
7.337195149618346,51.276290103204836,54.276290103204836,2041.7061769616028
7.3404898491223705,51.28077268756405,54.28077268756405,2041.7896494156928
7.343784548626395,51.28525527192327,54.28525527192327,2041.873121869783
7.34707924813042,51.289737856282485,54.289737856282485,2041.956594323873
7.350373947634445,51.2942204406417,54.2942204406417,2042.0400667779634
7.35366864713847,51.29870302500092,54.29870302500092,2042.1235392320534
7.356963346642495,51.30318560936014,54.30318560936014,2042.2070116861437
7.3602580461465195,51.30766819371936,54.30766819371936,2042.2904841402337
7.363552745650544,51.312150778078575,54.312150778078575,2042.3739565943238
7.366847445154569,51.31663336243779,54.31663336243779,2042.457429048414
7.370142144658594,51.32111594679701,54.32111594679701,2042.540901502504
7.373436844162619,51.325598531156224,54.325598531156224,2042.6243739565944
7.376731543666644,51.33008111551544,54.33008111551544,2042.7078464106844
7.3800262431706685,51.334563699874664,54.334563699874664,2042.7913188647747
7.383320942674693,51.33904628423388,54.33904628423388,2042.8747913188647
7.386615642178718,51.3435288685931,54.3435288685931,2042.958263772955
7.389910341682743,51.34801145295231,54.34801145295231,2043.041736227045
7.393205041186768,51.35249403731153,54.35249403731153,2043.1252086811353
7.396499740690793,51.356976621670746,54.356976621670746,2043.2086811352253
7.3997944401948175,51.36145920602996,54.36145920602996,2043.2921535893156
7.403089139698842,51.365941790389186,54.365941790389186,2043.3756260434056
7.406383839202867,51.3704243747484,54.3704243747484,2043.459098497496
7.409678538706892,51.37490695910762,54.37490695910762,2043.542570951586
7.412973238210917,51.379389543466836,54.379389543466836,2043.6260434056762
7.416267937714942,51.38387212782605,54.38387212782605,2043.7095158597663
7.4195626372189665,51.38835471218527,54.38835471218527,2043.7929883138563
7.422857336722991,51.392837296544485,54.392837296544485,2043.8764607679466
7.426152036227016,51.39731988090371,54.39731988090371,2043.9599332220366
7.429446735731041,51.401802465262925,54.401802465262925,2044.043405676127
7.432741435235066,51.40628504962214,54.40628504962214,2044.126878130217
7.436036134739091,51.41076763398136,54.41076763398136,2044.2103505843072
7.4393308342431155,51.415250218340574,54.415250218340574,2044.2938230383972
7.44262553374714,51.41973280269979,54.41973280269979,2044.3772954924875
7.445920233251165,51.42421538705901,54.42421538705901,2044.4607679465776
7.44921493275519,51.42869797141823,54.42869797141823,2044.5442404006678
7.452509632259215,51.43318055577745,54.43318055577745,2044.6277128547579
7.45580433176324,51.437663140136664,54.437663140136664,2044.7111853088481
7.4590990312672645,51.44214572449588,54.44214572449588,2044.7946577629382
7.462393730771289,51.4466283088551,54.4466283088551,2044.8781302170285
7.465688430275314,51.45111089321431,54.45111089321431,2044.9616026711185
7.468983129779339,51.45559347757353,54.45559347757353,2045.0450751252088
7.472277829283364,51.46007606193275,54.46007606193275,2045.1285475792988
7.475572528787389,51.46455864629197,54.46455864629197,2045.212020033389
7.4788672282914135,51.469041230651186,54.469041230651186,2045.2954924874791
7.482161927795438,51.4735238150104,54.4735238150104,2045.3789649415694
7.485456627299463,51.47800639936962,54.47800639936962,2045.4624373956594
7.488751326803488,51.482488983728835,54.482488983728835,2045.5459098497495
7.492046026307513,51.48697156808805,54.48697156808805,2045.6293823038397
7.495340725811538,51.491454152447275,54.491454152447275,2045.7128547579298
7.4986354253155625,51.49593673680649,54.49593673680649,2045.79632721202
7.501930124819587,51.50041932116571,54.50041932116571,2045.87979966611
7.505224824323612,51.504901905524925,54.504901905524925,2045.9632721202004
7.508519523827637,51.50938448988414,54.50938448988414,2046.0467445742904
7.511814223331662,51.51386707424336,54.51386707424336,2046.1302170283807
7.515108922835687,51.518349658602574,54.518349658602574,2046.2136894824707
7.5184036223397115,51.5228322429618,54.5228322429618,2046.297161936561
7.521698321843736,51.527314827321014,54.527314827321014,2046.380634390651
7.524993021347761,51.53179741168023,54.53179741168023,2046.4641068447413
7.528287720851786,51.53627999603945,54.53627999603945,2046.5475792988314
7.531582420355811,51.54076258039866,54.54076258039866,2046.6310517529216
7.534877119859836,51.54524516475788,54.54524516475788,2046.7145242070117
7.5381718193638605,51.549727749117096,54.549727749117096,2046.797996661102
7.541466518867885,51.55421033347632,54.55421033347632,2046.881469115192
7.54476121837191,51.558692917835536,54.558692917835536,2046.9649415692822
7.548055917875935,51.56317550219475,54.56317550219475,2047.0484140233723
7.55135061737996,51.56765808655397,54.56765808655397,2047.1318864774623
7.554645316883985,51.572140670913186,54.572140670913186,2047.2153589315526
7.5579400163880095,51.5766232552724,54.5766232552724,2047.2988313856426
7.561234715892034,51.58110583963162,54.58110583963162,2047.382303839733
7.564529415396059,51.58558842399084,54.58558842399084,2047.465776293823
7.567824114900084,51.59007100835006,54.59007100835006,2047.5492487479132
7.571118814404109,51.594553592709275,54.594553592709275,2047.6327212020033
7.574413513908134,51.59903617706849,54.59903617706849,2047.7161936560935
7.5777082134121585,51.60351876142771,54.60351876142771,2047.7996661101836
7.581002912916183,51.608001345786924,54.608001345786924,2047.8831385642738
7.584297612420208,51.61248393014614,54.61248393014614,2047.966611018364
7.587592311924233,51.616966514505364,54.616966514505364,2048.050083472454
7.590887011428258,51.62144909886458,54.62144909886458,2048.1335559265444
7.594181710932283,51.6259316832238,54.6259316832238,2048.2170283806345
7.5974764104363075,51.630414267583014,54.630414267583014,2048.3005008347245
7.600771109940332,51.63489685194223,54.63489685194223,2048.3839732888146
7.604065809444357,51.639379436301446,54.639379436301446,2048.467445742905
7.607360508948382,51.64386202066066,54.64386202066066,2048.550918196995
7.610655208452407,51.648344605019886,54.648344605019886,2048.634390651085
7.613949907956432,51.6528271893791,54.6528271893791,2048.717863105175
7.6172446074604565,51.65730977373832,54.65730977373832,2048.801335559265
7.620539306964481,51.661792358097536,54.661792358097536,2048.8848080133557
7.623834006468506,51.66627494245675,54.66627494245675,2048.9682804674458
7.627128705972531,51.67075752681597,54.67075752681597,2049.051752921536
7.630423405476556,51.675240111175185,54.675240111175185,2049.135225375626
7.633718104980581,51.67972269553441,54.67972269553441,2049.2186978297163
7.6370128044846055,51.684205279893625,54.684205279893625,2049.3021702838064
7.64030750398863,51.68868786425284,54.68868786425284,2049.3856427378964
7.643602203492655,51.69317044861206,54.69317044861206,2049.4691151919865
7.64689690299668,51.697653032971274,54.697653032971274,2049.552587646077
7.650191602500705,51.70213561733049,54.70213561733049,2049.636060100167
7.65348630200473,51.70661820168971,54.70661820168971,2049.719532554257
7.6567810015087545,51.71110078604893,54.71110078604893,2049.803005008347
7.660075701012779,51.71558337040815,54.71558337040815,2049.8864774624376
7.663370400516804,51.720065954767364,54.720065954767364,2049.9699499165276
7.666665100020829,51.72454853912658,54.72454853912658,2050.0534223706177
7.669959799524854,51.7290311234858,54.7290311234858,2050.1368948247077
7.673254499028879,51.73351370784501,54.73351370784501,2050.220367278798
7.6765491985329035,51.73799629220423,54.73799629220423,2050.3038397328883
7.679843898036928,51.74247887656345,54.74247887656345,2050.3873121869783
7.683138597540953,51.74696146092267,54.74696146092267,2050.4707846410683
7.686433297044978,51.751444045281886,54.751444045281886,2050.5542570951584
7.689727996549003,51.7559266296411,54.7559266296411,2050.637729549249
7.693022696053028,51.76040921400032,54.76040921400032,2050.721202003339
7.6963173955570525,51.764891798359535,54.764891798359535,2050.804674457429
7.699612095061077,51.76937438271875,54.76937438271875,2050.888146911519
7.702906794565102,51.773856967077975,54.773856967077975,2050.9716193656095
7.706201494069127,51.77833955143719,54.77833955143719,2051.0550918196996
7.709496193573152,51.78282213579641,54.78282213579641,2051.1385642737896
7.712790893077177,51.787304720155625,54.787304720155625,2051.2220367278796
7.7160855925812015,51.79178730451484,54.79178730451484,2051.30550918197
7.719380292085226,51.79626988887406,54.79626988887406,2051.38898163606
7.722674991589251,51.800752473233274,54.800752473233274,2051.47245409015
7.725969691093276,51.8052350575925,54.8052350575925,2051.5559265442403
7.729264390597301,51.809717641951714,54.809717641951714,2051.6393989983308
7.732559090101326,51.81420022631093,54.81420022631093,2051.722871452421
7.7358537896053505,51.81868281067015,54.81868281067015,2051.806343906511
7.739148489109375,51.82316539502936,54.82316539502936,2051.889816360601
7.7424431886134,51.82764797938858,54.82764797938858,2051.973288814691
7.745737888117425,51.832130563747796,54.832130563747796,2052.0567612687814
7.74903258762145,51.83661314810702,54.83661314810702,2052.1402337228715
7.752327287125475,51.841095732466236,54.841095732466236,2052.2237061769615
7.7556219866294995,51.84557831682545,54.84557831682545,2052.3071786310516
7.758916686133524,51.85006090118467,54.85006090118467,2052.390651085142
7.762211385637549,51.854543485543886,54.854543485543886,2052.474123539232
7.765506085141574,51.8590260699031,54.8590260699031,2052.557595993322
7.768800784645599,51.86350865426232,54.86350865426232,2052.641068447412
7.772095484149624,51.86799123862154,54.86799123862154,2052.7245409015027
7.7753901836536485,51.87247382298076,54.87247382298076,2052.8080133555927
7.778684883157673,51.876956407339975,54.876956407339975,2052.8914858096828
7.781979582661698,51.88143899169919,54.88143899169919,2052.974958263773
7.785274282165723,51.88592157605841,54.88592157605841,2053.0584307178633
7.788568981669748,51.890404160417624,54.890404160417624,2053.1419031719533
7.791863681173773,51.89488674477684,54.89488674477684,2053.2253756260434
7.7951583806777975,51.899369329136064,54.899369329136064,2053.3088480801334
7.798453080181822,51.90385191349528,54.90385191349528,2053.392320534224
7.801747779685847,51.9083344978545,54.9083344978545,2053.475792988314
7.805042479189872,51.912817082213714,54.912817082213714,2053.559265442404
7.808337178693897,51.91729966657293,54.91729966657293,2053.642737896494
7.811631878197922,51.92178225093215,54.92178225093215,2053.726210350584
7.8149265777019465,51.92626483529136,54.92626483529136,2053.8096828046746
7.818221277205971,51.93074741965059,54.93074741965059,2053.8931552587646
7.821515976709996,51.9352300040098,54.9352300040098,2053.9766277128547
7.824810676214021,51.93971258836902,54.93971258836902,2054.0601001669447
7.828105375718046,51.944195172728236,54.944195172728236,2054.143572621035
7.831400075222071,51.94867775708745,54.94867775708745,2054.2270450751253
7.8346947747260955,51.95316034144667,54.95316034144667,2054.3105175292153
7.83798947423012,51.957642925805885,54.957642925805885,2054.3939899833053
7.841284173734145,51.96212551016511,54.96212551016511,2054.477462437396
7.84457887323817,51.966608094524325,54.966608094524325,2054.560934891486
7.847873572742195,51.97109067888354,54.97109067888354,2054.644407345576
7.85116827224622,51.97557326324276,54.97557326324276,2054.727879799666
7.8544629717502445,51.980055847601975,54.980055847601975,2054.8113522537565
7.857757671254269,51.98453843196119,54.98453843196119,2054.8948247078465
7.861052370758294,51.98902101632041,54.98902101632041,2054.9782971619366
7.864347070262319,51.99350360067963,54.99350360067963,2055.0617696160266
7.867641769766344,51.99798618503885,54.99798618503885,2055.1452420701166
7.870936469270369,52.002468769398064,55.002468769398064,2055.228714524207
7.8742311687743936,52.00695135375728,55.00695135375728,2055.312186978297
7.877525868278418,52.0114339381165,55.0114339381165,2055.395659432387
7.880820567782443,52.01591652247571,55.01591652247571,2055.4791318864773
7.884115267286468,52.02039910683493,55.02039910683493,2055.5626043405678
7.887409966790493,52.02488169119415,55.02488169119415,2055.646076794658
7.890704666294518,52.02936427555337,55.02936427555337,2055.729549248748
7.8939993657985426,52.033846859912586,55.033846859912586,2055.813021702838
7.897294065302567,52.0383294442718,55.0383294442718,2055.8964941569284
7.900588764806592,52.04281202863102,55.04281202863102,2055.9799666110184
7.903883464310617,52.047294612990235,55.047294612990235,2056.0634390651085
7.907178163814642,52.05177719734945,55.05177719734945,2056.1469115191985
7.910472863318667,52.056259781708675,55.056259781708675,2056.230383973289
7.913767562822692,52.06074236606789,55.06074236606789,2056.313856427379
7.917062262326716,52.06522495042711,55.06522495042711,2056.397328881469
7.920356961830741,52.069707534786325,55.069707534786325,2056.480801335559
7.923651661334766,52.07419011914554,55.07419011914554,2056.5642737896496
7.926946360838791,52.07867270350476,55.07867270350476,2056.6477462437397
7.930241060342816,52.083155287863974,55.083155287863974,2056.7312186978297
7.933535759846841,52.0876378722232,55.0876378722232,2056.8146911519198
7.936830459350865,52.092120456582414,55.092120456582414,2056.89816360601
7.94012515885489,52.09660304094163,55.09660304094163,2056.9816360601003
7.943419858358915,52.10108562530085,55.10108562530085,2057.0651085141903
7.94671455786294,52.10556820966006,55.10556820966006,2057.1485809682804
7.950009257366965,52.11005079401928,55.11005079401928,2057.2320534223704
7.95330395687099,52.114533378378496,55.114533378378496,2057.315525876461
7.956598656375014,52.11901596273772,55.11901596273772,2057.398998330551
7.959893355879039,52.123498547096936,55.123498547096936,2057.482470784641
7.963188055383064,52.12798113145615,55.12798113145615,2057.565943238731
7.966482754887089,52.13246371581537,55.13246371581537,2057.6494156928215
7.969777454391114,52.136946300174586,55.136946300174586,2057.7328881469116
7.973072153895139,52.1414288845338,55.1414288845338,2057.8163606010016
7.976366853399163,52.14591146889302,55.14591146889302,2057.8998330550917
7.979661552903188,52.15039405325224,55.15039405325224,2057.983305509182
7.982956252407213,52.15487663761146,55.15487663761146,2058.066777963272
7.986250951911238,52.159359221970675,55.159359221970675,2058.1502504173623
7.989545651415263,52.16384180632989,55.16384180632989,2058.2337228714523
7.992840350919288,52.16832439068911,55.16832439068911,2058.3171953255423
7.996135050423312,52.172806975048324,55.172806975048324,2058.400667779633
7.999429749927337,52.17728955940754,55.17728955940754,2058.484140233723
8.002724449431362,52.181772143766764,55.181772143766764,2058.567612687813
8.006019148935387,52.18625472812598,55.18625472812598,2058.651085141903
8.009313848439412,52.1907373124852,55.1907373124852,2058.7345575959935
8.012608547943437,52.195219896844414,55.195219896844414,2058.8180300500835
8.015903247447461,52.19970248120363,55.19970248120363,2058.9015025041735
8.019197946951486,52.20418506556285,55.20418506556285,2058.9849749582636
8.022492646455511,52.20866764992206,55.20866764992206,2059.068447412354
8.025787345959536,52.21315023428129,55.21315023428129,2059.151919866444
8.02908204546356,52.2176328186405,55.2176328186405,2059.235392320534
8.032376744967586,52.22211540299972,55.22211540299972,2059.318864774624
8.03567144447161,52.226597987358936,55.226597987358936,2059.4023372287147
8.038966143975635,52.23108057171815,55.23108057171815,2059.4858096828048
8.04226084347966,52.23556315607737,55.23556315607737,2059.569282136895
8.045555542983685,52.240045740436585,55.240045740436585,2059.652754590985
8.04885024248771,52.24452832479581,55.24452832479581,2059.7362270450753
8.052144941991735,52.249010909155025,55.249010909155025,2059.8196994991654
8.05543964149576,52.25349349351424,55.25349349351424,2059.9031719532554
8.058734340999784,52.25797607787346,55.25797607787346,2059.9866444073455
8.062029040503809,52.262458662232675,55.262458662232675,2060.0701168614355
8.065323740007834,52.26694124659189,55.26694124659189,2060.153589315526
8.068618439511859,52.27142383095111,55.27142383095111,2060.237061769616
8.071913139015884,52.27590641531033,55.27590641531033,2060.320534223706
8.075207838519908,52.28038899966955,55.28038899966955,2060.404006677796
8.078502538023933,52.284871584028764,55.284871584028764,2060.4874791318866
8.081797237527958,52.28935416838798,55.28935416838798,2060.5709515859767
8.085091937031983,52.2938367527472,55.2938367527472,2060.6544240400667
8.088386636536008,52.29831933710641,55.29831933710641,2060.7378964941568
8.091681336040033,52.30280192146563,55.30280192146563,2060.8213689482473
8.094976035544057,52.30728450582485,55.30728450582485,2060.9048414023373
8.098270735048082,52.31176709018407,55.31176709018407,2060.9883138564273
8.101565434552107,52.316249674543286,55.316249674543286,2061.0717863105174
8.104860134056132,52.3207322589025,55.3207322589025,2061.155258764608
8.108154833560157,52.32521484326172,55.32521484326172,2061.238731218698
8.111449533064182,52.329697427620935,55.329697427620935,2061.322203672788
8.114744232568206,52.33418001198015,55.33418001198015,2061.405676126878
8.118038932072231,52.338662596339375,55.338662596339375,2061.4891485809685
8.121333631576256,52.34314518069859,55.34314518069859,2061.5726210350585
8.124628331080281,52.34762776505781,55.34762776505781,2061.6560934891486
8.127923030584306,52.352110349417025,55.352110349417025,2061.7395659432386
8.13121773008833,52.35659293377624,55.35659293377624,2061.8230383973287
8.134512429592355,52.36107551813546,55.36107551813546,2061.906510851419
8.13780712909638,52.365558102494674,55.365558102494674,2061.989983305509
8.141101828600405,52.3700406868539,55.3700406868539,2062.0734557595993
8.14439652810443,52.374523271213114,55.374523271213114,2062.1569282136893
8.147691227608455,52.37900585557233,55.37900585557233,2062.24040066778
8.15098592711248,52.38348843993155,55.38348843993155,2062.32387312187
8.154280626616504,52.38797102429076,55.38797102429076,2062.40734557596
8.15757532612053,52.39245360864998,55.39245360864998,2062.49081803005
8.160870025624554,52.396936193009196,55.396936193009196,2062.5742904841404
8.164164725128579,52.40141877736842,55.40141877736842,2062.6577629382305
8.167459424632604,52.405901361727636,55.405901361727636,2062.7412353923205
8.170754124136629,52.41038394608685,55.41038394608685,2062.8247078464105
8.174048823640653,52.41486653044607,55.41486653044607,2062.908180300501
8.177343523144678,52.419349114805286,55.419349114805286,2062.991652754591
8.180638222648703,52.4238316991645,55.4238316991645,2063.075125208681
8.183932922152728,52.42831428352372,55.42831428352372,2063.158597662771
8.187227621656753,52.43279686788294,55.43279686788294,2063.242070116861
8.190522321160778,52.43727945224216,55.43727945224216,2063.3255425709517
8.193817020664802,52.441762036601375,55.441762036601375,2063.4090150250418
8.197111720168827,52.44624462096059,55.44624462096059,2063.492487479132
8.200406419672852,52.45072720531981,55.45072720531981,2063.575959933222
8.203701119176877,52.455209789679024,55.455209789679024,2063.6594323873123
8.206995818680902,52.45969237403824,55.45969237403824,2063.7429048414024
8.210290518184927,52.464174958397464,55.464174958397464,2063.8263772954924
8.213585217688951,52.46865754275668,55.46865754275668,2063.9098497495825
8.216879917192976,52.4731401271159,55.4731401271159,2063.993322203673
8.220174616697001,52.477622711475114,55.477622711475114,2064.076794657763
8.223469316201026,52.48210529583433,55.48210529583433,2064.160267111853
8.22676401570505,52.48658788019355,55.48658788019355,2064.243739565943
8.230058715209076,52.49107046455276,55.49107046455276,2064.3272120200336
8.2333534147131,52.49555304891199,55.49555304891199,2064.4106844741236
8.236648114217125,52.5000356332712,55.5000356332712,2064.4941569282137
8.23994281372115,52.50451821763042,55.50451821763042,2064.5776293823037
8.243237513225175,52.509000801989636,55.509000801989636,2064.661101836394
8.2465322127292,52.51348338634885,55.51348338634885,2064.7445742904843
8.249826912233225,52.51796597070807,55.51796597070807,2064.8280467445743
8.25312161173725,52.522448555067285,55.522448555067285,2064.9115191986643
8.256416311241274,52.52693113942651,55.52693113942651,2064.9949916527544
8.2597110107453,52.531413723785725,55.531413723785725,2065.078464106845
8.263005710249324,52.53589630814494,55.53589630814494,2065.161936560935
8.266300409753349,52.54037889250416,55.54037889250416,2065.245409015025
8.269595109257374,52.544861476863375,55.544861476863375,2065.328881469115
8.272889808761398,52.54934406122259,55.54934406122259,2065.4123539232055
8.276184508265423,52.55382664558181,55.55382664558181,2065.4958263772955
8.279479207769448,52.55830922994103,55.55830922994103,2065.5792988313856
8.282773907273473,52.56279181430025,55.56279181430025,2065.6627712854756
8.286068606777498,52.567274398659464,55.567274398659464,2065.746243739566
8.289363306281523,52.57175698301868,55.57175698301868,2065.829716193656
8.292658005785547,52.5762395673779,55.5762395673779,2065.913188647746
8.295952705289572,52.58072215173711,55.58072215173711,2065.9966611018363
8.299247404793597,52.58520473609633,55.58520473609633,2066.0801335559267
8.302542104297622,52.58968732045555,55.58968732045555,2066.163606010017
8.305836803801647,52.59416990481477,55.59416990481477,2066.247078464107
8.309131503305672,52.598652489173986,55.598652489173986,2066.330550918197
8.312426202809696,52.6031350735332,55.6031350735332,2066.4140233722874
8.315720902313721,52.60761765789242,55.60761765789242,2066.4974958263774
8.319015601817746,52.612100242251636,55.612100242251636,2066.5809682804675
8.322310301321771,52.61658282661085,55.61658282661085,2066.6644407345575
8.325605000825796,52.621065410970076,55.621065410970076,2066.7479131886475
8.32889970032982,52.62554799532929,55.62554799532929,2066.831385642738
8.332194399833845,52.63003057968851,55.63003057968851,2066.914858096828
8.33548909933787,52.634513164047725,55.634513164047725,2066.998330550918
8.338783798841895,52.63899574840694,55.63899574840694,2067.081803005008
8.34207849834592,52.64347833276616,55.64347833276616,2067.1652754590987
8.345373197849945,52.647960917125374,55.647960917125374,2067.2487479131887
8.34866789735397,52.6524435014846,55.6524435014846,2067.3322203672788
8.351962596857994,52.656926085843814,55.656926085843814,2067.415692821369
8.35525729636202,52.66140867020303,55.66140867020303,2067.4991652754593
8.358551995866044,52.66589125456225,55.66589125456225,2067.5826377295493
8.361846695370069,52.67037383892146,55.67037383892146,2067.6661101836394
8.365141394874094,52.67485642328068,55.67485642328068,2067.7495826377294
8.368436094378119,52.679339007639896,55.679339007639896,2067.83305509182
8.371730793882143,52.68382159199912,55.68382159199912,2067.91652754591
8.375025493386168,52.688304176358336,55.688304176358336,2068.0
